{
    "dim_10_dur_5000_freq_10": {
        "cpu": {
            "avg_runtime_sec": 0.015084107716878256,
            "runs": [
                0.01448202133178711,
                0.015343666076660156,
                0.0154266357421875
            ]
        },
        "cuda": {
            "avg_runtime_sec": 0.0009658336639404297,
            "runs": [
                0.0010149478912353516,
                0.0011947154998779297,
                0.0006878376007080078
            ]
        }
    },
    "dim_100_dur_5000_freq_10": {
        "cpu": {
            "avg_runtime_sec": 0.005703051884969075,
            "runs": [
                0.005942344665527344,
                0.006332874298095703,
                0.00483393669128418
            ]
        },
        "cuda": {
            "avg_runtime_sec": 0.0019315083821614583,
            "runs": [
                0.0018880367279052734,
                0.0020432472229003906,
                0.001863241195678711
            ]
        }
    },
    "dim_1000_dur_5000_freq_10": {
        "cpu": {
            "avg_runtime_sec": 0.13889853159586588,
            "runs": [
                0.13093781471252441,
                0.14447665214538574,
                0.1412811279296875
            ]
        },
        "cuda": {
            "avg_runtime_sec": 0.014107147852579752,
            "runs": [
                0.01388859748840332,
                0.014650583267211914,
                0.013782262802124023
            ]
        }
    }
}