{
    "duration_5000_syn_10_freq_10": {
        "duration_ms": 5000,
        "synapses": 10,
        "freq_hz": 10,
        "avg_runtime_sec": 499.0268130302429,
        "runs": [
            494.4557831287384,
            508.43837237358093,
            494.1862835884094
        ]
    }
}