{"train_losses": [828.8814244995117, 45.117507049560544, 41.47147088623047, 39.31178134155273, 37.09580709838867, 34.97715837097168, 32.976955505371095, 31.14962774658203, 29.447439208984374, 27.878728424072264, 26.395555953979493, 25.02219989013672, 23.754171981811524, 22.592154266357422, 21.480427780151366, 20.453077743530272, 19.479837432861327, 18.55910758972168, 17.68195143890381, 16.863400283813476, 16.08870838928223, 15.342038314819336, 14.642859642028808, 13.980029167175292, 13.351856338500976, 12.772787155151367, 12.223894836425782, 11.708417694091796, 11.22862134552002, 10.778000411987305, 10.366362014770507, 9.977760498046875, 9.62216291809082, 9.29027426147461, 8.983442100524902, 8.702374824523925, 8.43696681213379, 8.200960857391358, 7.973794723510742, 7.7680191230773925, 7.580134399414063, 7.4087030181884765, 7.253130279541016, 7.112372451782226, 6.987198532104492, 6.8748740234375, 6.777486560821533, 6.694226058959961, 6.621921604156494, 6.560866649627686, 6.508442977905274, 6.462484962463379, 6.420745815277099, 6.3836706886291505, 6.350001850128174, 6.318206943511963, 6.289228771209717, 6.262079593658448, 6.237163722991943, 6.214325481414795, 6.193206527709961, 6.172997779846192, 6.155566787719726, 6.139264057159424, 6.124675888061524, 6.11101146697998, 6.098127937316894, 6.086324787139892, 6.076223587036133, 6.065277599334717, 6.054862861633301, 6.045144077301026, 6.035832160949707, 6.0267988929748535, 6.01819926071167, 6.008879760742188, 6.00054430770874, 5.991492969512939, 5.983461360931397, 5.975678352355957, 5.9668737945556645, 5.959039768218994, 5.951946075439453, 5.94303812789917, 5.936324077606201, 5.928957618713379, 5.920839550018311, 5.914216335296631, 5.906973346710205, 5.899614093780517, 5.8932513351440425, 5.887511352539063, 5.880932479858399, 5.873575973510742, 5.866923782348633, 5.861401622772217, 5.854995136260986, 5.848425872802735, 5.842481353759766, 5.836687526702881], "test_losses": [26.62062629699707, 16.29657115936279, 10.559304695129395, 7.721977577209473, 6.6086666297912595, 6.283117733001709, 6.1334521484375, 6.041756858825684, 5.965829963684082, 5.901118297576904], "seed": 5171261528064190492}