{"train_losses": [4996.584307937622, 9.02202505493164, 7.54801016998291, 7.361603542327881, 7.257021820068359, 7.15785856628418, 7.063388774871826, 6.975098457336426, 6.892901885986328, 6.816899723052979, 6.746769519805908, 6.682431243896485, 6.6235388526916505, 6.569559700012207, 6.520048580169678, 6.474621681213379, 6.43264017868042, 6.393890476226806, 6.357565914154053, 6.323667911529541, 6.291473262786865, 6.261027477264404, 6.231870246887207, 6.203813472747803, 6.1767086448669435, 6.15052490234375, 6.12510302734375, 6.100576999664306, 6.07696081161499, 6.054257755279541, 6.0325134620666505, 6.011990692138672, 5.9925419692993165, 5.974325679779053, 5.957321960449219, 5.941529006958008, 5.926981510162354, 5.9135455169677735, 5.901085704803466, 5.889803131103515, 5.879237567901611, 5.869750881195069, 5.860857704162598, 5.852624580383301, 5.845150398254394, 5.837794044494629, 5.830707988739014, 5.824106330871582, 5.817480537414551, 5.811152420043945, 5.804774299621582, 5.798708683013916, 5.7921688232421875, 5.785858394622803, 5.779577407836914, 5.7733378372192385, 5.7670586280822755, 5.76098229598999, 5.754491432189941, 5.748239978790283, 5.742028274536133, 5.7356791305542, 5.729405643463135, 5.723256076812744, 5.717195003509522, 5.711152019500733, 5.705158290863037, 5.69917883682251, 5.693345783233642, 5.687904926300049, 5.6820931854248045, 5.676659259796143, 5.671615634918213, 5.666332485198975, 5.661277336120605, 5.6566380004882815, 5.651968215942383, 5.647604885101319, 5.643725021362305, 5.6393118057250975, 5.635712524414062, 5.632226337432861, 5.6282805061340335, 5.625372230529785, 5.621918884277344, 5.6192593727111815, 5.616548370361328, 5.613306758880615, 5.610861015319824, 5.609313846588135, 5.60637162399292, 5.604229167938232, 5.601779544830323, 5.600399829864502, 5.598800071716308, 5.596064445495606, 5.593973865509033, 5.591838527679443, 5.589522850036621, 5.588435668945312], "test_losses": [6.770061702728271, 6.330755043029785, 6.083137512207031, 5.935371723175049, 5.863991432189941, 5.802880210876465, 5.745606822967529, 5.700592727661133, 5.672305469512939, 5.651312313079834], "seed": 5344800048652938734}