{
    "duration_1000_syn_10": {
        "duration_ms": 1000,
        "synapses": 10,
        "avg_runtime_sec": 19.560498078664143,
        "runs": [
            19.46167302131653,
            19.592902898788452,
            19.62691831588745
        ]
    },
    "duration_1000_syn_100": {
        "duration_ms": 1000,
        "synapses": 100,
        "avg_runtime_sec": 19.78476945559184,
        "runs": [
            19.782429218292236,
            19.927626609802246,
            19.64425253868103
        ]
    },
    "duration_1000_syn_1000": {
        "duration_ms": 1000,
        "synapses": 1000,
        "avg_runtime_sec": 20.479793945948284,
        "runs": [
            20.469016313552856,
            20.441859483718872,
            20.52850604057312
        ]
    },
    "duration_2000_syn_10": {
        "duration_ms": 2000,
        "synapses": 10,
        "avg_runtime_sec": 39.109272162119545,
        "runs": [
            39.362526416778564,
            39.02469229698181,
            38.94059777259827
        ]
    },
    "duration_2000_syn_100": {
        "duration_ms": 2000,
        "synapses": 100,
        "avg_runtime_sec": 39.463256200154625,
        "runs": [
            39.218581199645996,
            39.55340814590454,
            39.61777925491333
        ]
    },
    "duration_2000_syn_1000": {
        "duration_ms": 2000,
        "synapses": 1000,
        "avg_runtime_sec": 41.22486901283264,
        "runs": [
            40.624996185302734,
            41.84766101837158,
            41.20194983482361
        ]
    },
    "duration_5000_syn_10": {
        "duration_ms": 5000,
        "synapses": 10,
        "avg_runtime_sec": 98.56696605682373,
        "runs": [
            98.35056567192078,
            97.66677737236023,
            99.68355512619019
        ]
    },
    "duration_5000_syn_100": {
        "duration_ms": 5000,
        "synapses": 100,
        "avg_runtime_sec": 98.66445875167847,
        "runs": [
            98.42060875892639,
            98.93432974815369,
            98.63843774795532
        ]
    },
    "duration_5000_syn_1000": {
        "duration_ms": 5000,
        "synapses": 1000,
        "avg_runtime_sec": 102.56510972976685,
        "runs": [
            103.21224164962769,
            102.06772112846375,
            102.4153664112091
        ]
    }
}