{
    "duration_1000_syn_10": {
        "duration_ms": 1000,
        "synapses": 10,
        "avg_runtime_sec": 7.963964382807414,
        "runs": [
            7.9767420291900635,
            7.96637749671936,
            7.948773622512817
        ]
    },
    "duration_1000_syn_100": {
        "duration_ms": 1000,
        "synapses": 100,
        "avg_runtime_sec": 8.030976136525473,
        "runs": [
            8.02916169166565,
            8.015252351760864,
            8.048514366149902
        ]
    },
    "duration_1000_syn_1000": {
        "duration_ms": 1000,
        "synapses": 1000,
        "avg_runtime_sec": 8.685362736384073,
        "runs": [
            8.687079191207886,
            8.67410159111023,
            8.694907426834106
        ]
    },
    "duration_2000_syn_10": {
        "duration_ms": 2000,
        "synapses": 10,
        "avg_runtime_sec": 15.876507043838501,
        "runs": [
            15.862738132476807,
            15.904726266860962,
            15.862056732177734
        ]
    },
    "duration_2000_syn_100": {
        "duration_ms": 2000,
        "synapses": 100,
        "avg_runtime_sec": 16.031069835027058,
        "runs": [
            16.02202296257019,
            16.03165292739868,
            16.039533615112305
        ]
    },
    "duration_2000_syn_1000": {
        "duration_ms": 2000,
        "synapses": 1000,
        "avg_runtime_sec": 17.501063505808514,
        "runs": [
            17.35343909263611,
            17.363056898117065,
            17.786694526672363
        ]
    },
    "duration_5000_syn_10": {
        "duration_ms": 5000,
        "synapses": 10,
        "avg_runtime_sec": 40.303831338882446,
        "runs": [
            39.79555821418762,
            41.36800193786621,
            39.747933864593506
        ]
    },
    "duration_5000_syn_100": {
        "duration_ms": 5000,
        "synapses": 100,
        "avg_runtime_sec": 40.1617788473765,
        "runs": [
            40.249491691589355,
            40.11283779144287,
            40.12300705909729
        ]
    },
    "duration_5000_syn_1000": {
        "duration_ms": 5000,
        "synapses": 1000,
        "avg_runtime_sec": 43.36033654212952,
        "runs": [
            43.35691213607788,
            43.385539054870605,
            43.33855843544006
        ]
    }
}